<?xml version="1.0" encoding="UTF-8"?>
<!-- name="名称" 
intro="介绍" 
icon="icon"
 resName="资源命名" 
quality="品质" 
exp="等级总经验"
 petLv="宠物等级" 
evoLv="宠物进化等级" 
evoPetID="进化后宠物ID"
satiety="宠物饱食度上限" 
petAtk="宠物攻击" 
petBullet="宠物子弹" 
bulletSpeed="子弹速度" 
bulletDuration="子弹间隔" 
skillType="附加技能类型" 
skillVaule="技能值" 
move="移动系数"
-->
<Config>
	<type_item id="1" typeID="701101" name="小西" intro="0" icon="0" resName="0" quality="4" exp="0" petLv="1" evoLv="20" evoPetID="701201" satiety="100" petAtk="100" petBullet="XX.png" bulletSpeed="3000" bulletDuration="0.3" skillType="1" skillVaule="100" move="2"/>
	<type_item id="2" typeID="701102" name="小西" intro="0" icon="0" resName="0" quality="4" exp="100" petLv="2" evoLv="20" evoPetID="701201" satiety="100" petAtk="105" petBullet="XX.png" bulletSpeed="3000" bulletDuration="0.3" skillType="1" skillVaule="120" move="2"/>
	<type_item id="3" typeID="701103" name="小西" intro="0" icon="0" resName="0" quality="4" exp="200" petLv="3" evoLv="20" evoPetID="701201" satiety="100" petAtk="110" petBullet="XX.png" bulletSpeed="3000" bulletDuration="0.3" skillType="1" skillVaule="140" move="2"/>
	<type_item id="4" typeID="701104" name="小西" intro="0" icon="0" resName="0" quality="4" exp="300" petLv="4" evoLv="20" evoPetID="701201" satiety="100" petAtk="115" petBullet="XX.png" bulletSpeed="3000" bulletDuration="0.3" skillType="1" skillVaule="160" move="2"/>
	<type_item id="5" typeID="701105" name="小西" intro="0" icon="0" resName="0" quality="4" exp="400" petLv="5" evoLv="20" evoPetID="701201" satiety="100" petAtk="120" petBullet="XX.png" bulletSpeed="3000" bulletDuration="0.3" skillType="1" skillVaule="180" move="2"/>
	<type_item id="6" typeID="701106" name="小西" intro="0" icon="0" resName="0" quality="4" exp="500" petLv="6" evoLv="20" evoPetID="701201" satiety="100" petAtk="125" petBullet="XX.png" bulletSpeed="3000" bulletDuration="0.3" skillType="1" skillVaule="200" move="2"/>
	<type_item id="7" typeID="701107" name="小西" intro="0" icon="0" resName="0" quality="4" exp="600" petLv="7" evoLv="20" evoPetID="701201" satiety="100" petAtk="130" petBullet="XX.png" bulletSpeed="3000" bulletDuration="0.3" skillType="1" skillVaule="220" move="2"/>
	<type_item id="8" typeID="701108" name="小西" intro="0" icon="0" resName="0" quality="4" exp="700" petLv="8" evoLv="20" evoPetID="701201" satiety="100" petAtk="135" petBullet="XX.png" bulletSpeed="3000" bulletDuration="0.3" skillType="1" skillVaule="240" move="2"/>
	<type_item id="9" typeID="701109" name="小西" intro="0" icon="0" resName="0" quality="4" exp="800" petLv="9" evoLv="20" evoPetID="701201" satiety="100" petAtk="140" petBullet="XX.png" bulletSpeed="3000" bulletDuration="0.3" skillType="1" skillVaule="260" move="2"/>
	<type_item id="10" typeID="701110" name="小西" intro="0" icon="0" resName="0" quality="4" exp="900" petLv="10" evoLv="20" evoPetID="701201" satiety="100" petAtk="145" petBullet="XX.png" bulletSpeed="3000" bulletDuration="0.3" skillType="1" skillVaule="280" move="2"/>
	<type_item id="11" typeID="701111" name="小西" intro="0" icon="0" resName="0" quality="4" exp="1000" petLv="11" evoLv="20" evoPetID="701201" satiety="100" petAtk="150" petBullet="XX.png" bulletSpeed="3000" bulletDuration="0.3" skillType="1" skillVaule="300" move="2"/>
	<type_item id="12" typeID="701112" name="小西" intro="0" icon="0" resName="0" quality="4" exp="1100" petLv="12" evoLv="20" evoPetID="701201" satiety="100" petAtk="155" petBullet="XX.png" bulletSpeed="3000" bulletDuration="0.3" skillType="1" skillVaule="320" move="2"/>
	<type_item id="13" typeID="701113" name="小西" intro="0" icon="0" resName="0" quality="4" exp="1200" petLv="13" evoLv="20" evoPetID="701201" satiety="100" petAtk="160" petBullet="XX.png" bulletSpeed="3000" bulletDuration="0.3" skillType="1" skillVaule="340" move="2"/>
	<type_item id="14" typeID="701114" name="小西" intro="0" icon="0" resName="0" quality="4" exp="1300" petLv="14" evoLv="20" evoPetID="701201" satiety="100" petAtk="165" petBullet="XX.png" bulletSpeed="3000" bulletDuration="0.3" skillType="1" skillVaule="360" move="2"/>
	<type_item id="15" typeID="701115" name="小西" intro="0" icon="0" resName="0" quality="4" exp="1400" petLv="15" evoLv="20" evoPetID="701201" satiety="100" petAtk="170" petBullet="XX.png" bulletSpeed="3000" bulletDuration="0.3" skillType="1" skillVaule="380" move="2"/>
	<type_item id="16" typeID="701116" name="小西" intro="0" icon="0" resName="0" quality="4" exp="1500" petLv="16" evoLv="20" evoPetID="701201" satiety="100" petAtk="175" petBullet="XX.png" bulletSpeed="3000" bulletDuration="0.3" skillType="1" skillVaule="400" move="2"/>
	<type_item id="17" typeID="701117" name="小西" intro="0" icon="0" resName="0" quality="4" exp="1600" petLv="17" evoLv="20" evoPetID="701201" satiety="100" petAtk="180" petBullet="XX.png" bulletSpeed="3000" bulletDuration="0.3" skillType="1" skillVaule="420" move="2"/>
	<type_item id="18" typeID="701118" name="小西" intro="0" icon="0" resName="0" quality="4" exp="1700" petLv="18" evoLv="20" evoPetID="701201" satiety="100" petAtk="185" petBullet="XX.png" bulletSpeed="3000" bulletDuration="0.3" skillType="1" skillVaule="440" move="2"/>
	<type_item id="19" typeID="701119" name="小西" intro="0" icon="0" resName="0" quality="4" exp="1800" petLv="19" evoLv="20" evoPetID="701201" satiety="100" petAtk="190" petBullet="XX.png" bulletSpeed="3000" bulletDuration="0.3" skillType="1" skillVaule="460" move="2"/>
	<type_item id="20" typeID="701120" name="小西" intro="0" icon="0" resName="0" quality="4" exp="2000" petLv="20" evoLv="20" evoPetID="701201" satiety="100" petAtk="195" petBullet="XX.png" bulletSpeed="3000" bulletDuration="0.3" skillType="1" skillVaule="480" move="2"/>
	<type_item id="21" typeID="701201" name="西西" intro="0" icon="0" resName="0" quality="4" exp="0" petLv="1" evoLv="0" evoPetID="0" satiety="150" petAtk="150" petBullet="XXX.png" bulletSpeed="3000" bulletDuration="0.3" skillType="1" skillVaule="100" move="2"/>
	<type_item id="22" typeID="701202" name="西西" intro="0" icon="0" resName="0" quality="4" exp="100" petLv="2" evoLv="0" evoPetID="0" satiety="150" petAtk="158" petBullet="XXX.png" bulletSpeed="3000" bulletDuration="0.3" skillType="1" skillVaule="130" move="2"/>
	<type_item id="23" typeID="701203" name="西西" intro="0" icon="0" resName="0" quality="4" exp="200" petLv="3" evoLv="0" evoPetID="0" satiety="150" petAtk="166" petBullet="XXX.png" bulletSpeed="3000" bulletDuration="0.3" skillType="1" skillVaule="160" move="2"/>
	<type_item id="24" typeID="701204" name="西西" intro="0" icon="0" resName="0" quality="4" exp="300" petLv="4" evoLv="0" evoPetID="0" satiety="150" petAtk="174" petBullet="XXX.png" bulletSpeed="3000" bulletDuration="0.3" skillType="1" skillVaule="190" move="2"/>
	<type_item id="25" typeID="701205" name="西西" intro="0" icon="0" resName="0" quality="4" exp="400" petLv="5" evoLv="0" evoPetID="0" satiety="150" petAtk="182" petBullet="XXX.png" bulletSpeed="3000" bulletDuration="0.3" skillType="1" skillVaule="220" move="2"/>
	<type_item id="26" typeID="701206" name="西西" intro="0" icon="0" resName="0" quality="4" exp="500" petLv="6" evoLv="0" evoPetID="0" satiety="150" petAtk="190" petBullet="XXX.png" bulletSpeed="3000" bulletDuration="0.3" skillType="1" skillVaule="250" move="2"/>
	<type_item id="27" typeID="701207" name="西西" intro="0" icon="0" resName="0" quality="4" exp="600" petLv="7" evoLv="0" evoPetID="0" satiety="150" petAtk="198" petBullet="XXX.png" bulletSpeed="3000" bulletDuration="0.3" skillType="1" skillVaule="280" move="2"/>
	<type_item id="28" typeID="701208" name="西西" intro="0" icon="0" resName="0" quality="4" exp="700" petLv="8" evoLv="0" evoPetID="0" satiety="150" petAtk="206" petBullet="XXX.png" bulletSpeed="3000" bulletDuration="0.3" skillType="1" skillVaule="310" move="2"/>
	<type_item id="29" typeID="701209" name="西西" intro="0" icon="0" resName="0" quality="4" exp="800" petLv="9" evoLv="0" evoPetID="0" satiety="150" petAtk="214" petBullet="XXX.png" bulletSpeed="3000" bulletDuration="0.3" skillType="1" skillVaule="340" move="2"/>
	<type_item id="30" typeID="701210" name="西西" intro="0" icon="0" resName="0" quality="4" exp="900" petLv="10" evoLv="0" evoPetID="0" satiety="150" petAtk="222" petBullet="XXX.png" bulletSpeed="3000" bulletDuration="0.3" skillType="1" skillVaule="370" move="2"/>
	<type_item id="31" typeID="701211" name="西西" intro="0" icon="0" resName="0" quality="4" exp="1000" petLv="11" evoLv="0" evoPetID="0" satiety="150" petAtk="230" petBullet="XXX.png" bulletSpeed="3000" bulletDuration="0.3" skillType="1" skillVaule="400" move="2"/>
	<type_item id="32" typeID="701212" name="西西" intro="0" icon="0" resName="0" quality="4" exp="1100" petLv="12" evoLv="0" evoPetID="0" satiety="150" petAtk="238" petBullet="XXX.png" bulletSpeed="3000" bulletDuration="0.3" skillType="1" skillVaule="430" move="2"/>
	<type_item id="33" typeID="701213" name="西西" intro="0" icon="0" resName="0" quality="4" exp="1200" petLv="13" evoLv="0" evoPetID="0" satiety="150" petAtk="246" petBullet="XXX.png" bulletSpeed="3000" bulletDuration="0.3" skillType="1" skillVaule="460" move="2"/>
	<type_item id="34" typeID="701214" name="西西" intro="0" icon="0" resName="0" quality="4" exp="1300" petLv="14" evoLv="0" evoPetID="0" satiety="150" petAtk="254" petBullet="XXX.png" bulletSpeed="3000" bulletDuration="0.3" skillType="1" skillVaule="490" move="2"/>
	<type_item id="35" typeID="701215" name="西西" intro="0" icon="0" resName="0" quality="4" exp="1400" petLv="15" evoLv="0" evoPetID="0" satiety="150" petAtk="262" petBullet="XXX.png" bulletSpeed="3000" bulletDuration="0.3" skillType="1" skillVaule="520" move="2"/>
	<type_item id="36" typeID="701216" name="西西" intro="0" icon="0" resName="0" quality="4" exp="1500" petLv="16" evoLv="0" evoPetID="0" satiety="150" petAtk="270" petBullet="XXX.png" bulletSpeed="3000" bulletDuration="0.3" skillType="1" skillVaule="550" move="2"/>
	<type_item id="37" typeID="701217" name="西西" intro="0" icon="0" resName="0" quality="4" exp="1600" petLv="17" evoLv="0" evoPetID="0" satiety="150" petAtk="278" petBullet="XXX.png" bulletSpeed="3000" bulletDuration="0.3" skillType="1" skillVaule="580" move="2"/>
	<type_item id="38" typeID="701218" name="西西" intro="0" icon="0" resName="0" quality="4" exp="1700" petLv="18" evoLv="0" evoPetID="0" satiety="150" petAtk="286" petBullet="XXX.png" bulletSpeed="3000" bulletDuration="0.3" skillType="1" skillVaule="610" move="2"/>
	<type_item id="39" typeID="701219" name="西西" intro="0" icon="0" resName="0" quality="4" exp="1800" petLv="19" evoLv="0" evoPetID="0" satiety="150" petAtk="294" petBullet="XXX.png" bulletSpeed="3000" bulletDuration="0.3" skillType="1" skillVaule="640" move="2"/>
	<type_item id="40" typeID="701220" name="西西" intro="0" icon="0" resName="0" quality="4" exp="1900" petLv="20" evoLv="0" evoPetID="0" satiety="150" petAtk="302" petBullet="XXX.png" bulletSpeed="3000" bulletDuration="0.3" skillType="1" skillVaule="670" move="2"/>
	<type_item id="41" typeID="701221" name="西西" intro="0" icon="0" resName="0" quality="4" exp="2000" petLv="21" evoLv="0" evoPetID="0" satiety="150" petAtk="310" petBullet="XXX.png" bulletSpeed="3000" bulletDuration="0.3" skillType="1" skillVaule="700" move="2"/>
	<type_item id="42" typeID="701222" name="西西" intro="0" icon="0" resName="0" quality="4" exp="2100" petLv="22" evoLv="0" evoPetID="0" satiety="150" petAtk="318" petBullet="XXX.png" bulletSpeed="3000" bulletDuration="0.3" skillType="1" skillVaule="730" move="2"/>
	<type_item id="43" typeID="701223" name="西西" intro="0" icon="0" resName="0" quality="4" exp="2200" petLv="23" evoLv="0" evoPetID="0" satiety="150" petAtk="326" petBullet="XXX.png" bulletSpeed="3000" bulletDuration="0.3" skillType="1" skillVaule="760" move="2"/>
	<type_item id="44" typeID="701224" name="西西" intro="0" icon="0" resName="0" quality="4" exp="2300" petLv="24" evoLv="0" evoPetID="0" satiety="150" petAtk="334" petBullet="XXX.png" bulletSpeed="3000" bulletDuration="0.3" skillType="1" skillVaule="790" move="2"/>
	<type_item id="45" typeID="701225" name="西西" intro="0" icon="0" resName="0" quality="4" exp="2400" petLv="25" evoLv="0" evoPetID="0" satiety="150" petAtk="342" petBullet="XXX.png" bulletSpeed="3000" bulletDuration="0.3" skillType="1" skillVaule="820" move="2"/>
	<type_item id="46" typeID="701226" name="西西" intro="0" icon="0" resName="0" quality="4" exp="2500" petLv="26" evoLv="0" evoPetID="0" satiety="150" petAtk="350" petBullet="XXX.png" bulletSpeed="3000" bulletDuration="0.3" skillType="1" skillVaule="850" move="2"/>
	<type_item id="47" typeID="701227" name="西西" intro="0" icon="0" resName="0" quality="4" exp="2600" petLv="27" evoLv="0" evoPetID="0" satiety="150" petAtk="358" petBullet="XXX.png" bulletSpeed="3000" bulletDuration="0.3" skillType="1" skillVaule="880" move="2"/>
	<type_item id="48" typeID="701228" name="西西" intro="0" icon="0" resName="0" quality="4" exp="2700" petLv="28" evoLv="0" evoPetID="0" satiety="150" petAtk="366" petBullet="XXX.png" bulletSpeed="3000" bulletDuration="0.3" skillType="1" skillVaule="910" move="2"/>
	<type_item id="49" typeID="701229" name="西西" intro="0" icon="0" resName="0" quality="4" exp="2800" petLv="29" evoLv="0" evoPetID="0" satiety="150" petAtk="374" petBullet="XXX.png" bulletSpeed="3000" bulletDuration="0.3" skillType="1" skillVaule="940" move="2"/>
	<type_item id="50" typeID="701230" name="西西" intro="0" icon="0" resName="0" quality="4" exp="3000" petLv="30" evoLv="0" evoPetID="0" satiety="150" petAtk="382" petBullet="XXX.png" bulletSpeed="3000" bulletDuration="0.3" skillType="1" skillVaule="970" move="2"/>
	<type_item id="51" typeID="702101" name="小娜" intro="0" icon="0" resName="0" quality="4" exp="0" petLv="1" evoLv="20" evoPetID="702201" satiety="100" petAtk="100" petBullet="XX.png" bulletSpeed="3000" bulletDuration="0.3" skillType="1" skillVaule="100" move="2"/>
	<type_item id="52" typeID="702102" name="小娜" intro="0" icon="0" resName="0" quality="4" exp="100" petLv="2" evoLv="20" evoPetID="702201" satiety="100" petAtk="105" petBullet="XX.png" bulletSpeed="3000" bulletDuration="0.3" skillType="1" skillVaule="120" move="2"/>
	<type_item id="53" typeID="702103" name="小娜" intro="0" icon="0" resName="0" quality="4" exp="200" petLv="3" evoLv="20" evoPetID="702201" satiety="100" petAtk="110" petBullet="XX.png" bulletSpeed="3000" bulletDuration="0.3" skillType="1" skillVaule="140" move="2"/>
	<type_item id="54" typeID="702104" name="小娜" intro="0" icon="0" resName="0" quality="4" exp="300" petLv="4" evoLv="20" evoPetID="702201" satiety="100" petAtk="115" petBullet="XX.png" bulletSpeed="3000" bulletDuration="0.3" skillType="1" skillVaule="160" move="2"/>
	<type_item id="55" typeID="702105" name="小娜" intro="0" icon="0" resName="0" quality="4" exp="400" petLv="5" evoLv="20" evoPetID="702201" satiety="100" petAtk="120" petBullet="XX.png" bulletSpeed="3000" bulletDuration="0.3" skillType="1" skillVaule="180" move="2"/>
	<type_item id="56" typeID="702106" name="小娜" intro="0" icon="0" resName="0" quality="4" exp="500" petLv="6" evoLv="20" evoPetID="702201" satiety="100" petAtk="125" petBullet="XX.png" bulletSpeed="3000" bulletDuration="0.3" skillType="1" skillVaule="200" move="2"/>
	<type_item id="57" typeID="702107" name="小娜" intro="0" icon="0" resName="0" quality="4" exp="600" petLv="7" evoLv="20" evoPetID="702201" satiety="100" petAtk="130" petBullet="XX.png" bulletSpeed="3000" bulletDuration="0.3" skillType="1" skillVaule="220" move="2"/>
	<type_item id="58" typeID="702108" name="小娜" intro="0" icon="0" resName="0" quality="4" exp="700" petLv="8" evoLv="20" evoPetID="702201" satiety="100" petAtk="135" petBullet="XX.png" bulletSpeed="3000" bulletDuration="0.3" skillType="1" skillVaule="240" move="2"/>
	<type_item id="59" typeID="702109" name="小娜" intro="0" icon="0" resName="0" quality="4" exp="800" petLv="9" evoLv="20" evoPetID="702201" satiety="100" petAtk="140" petBullet="XX.png" bulletSpeed="3000" bulletDuration="0.3" skillType="1" skillVaule="260" move="2"/>
	<type_item id="60" typeID="702110" name="小娜" intro="0" icon="0" resName="0" quality="4" exp="900" petLv="10" evoLv="20" evoPetID="702201" satiety="100" petAtk="145" petBullet="XX.png" bulletSpeed="3000" bulletDuration="0.3" skillType="1" skillVaule="280" move="2"/>
	<type_item id="61" typeID="702111" name="小娜" intro="0" icon="0" resName="0" quality="4" exp="1000" petLv="11" evoLv="20" evoPetID="702201" satiety="100" petAtk="150" petBullet="XX.png" bulletSpeed="3000" bulletDuration="0.3" skillType="1" skillVaule="300" move="2"/>
	<type_item id="62" typeID="702112" name="小娜" intro="0" icon="0" resName="0" quality="4" exp="1100" petLv="12" evoLv="20" evoPetID="702201" satiety="100" petAtk="155" petBullet="XX.png" bulletSpeed="3000" bulletDuration="0.3" skillType="1" skillVaule="320" move="2"/>
	<type_item id="63" typeID="702113" name="小娜" intro="0" icon="0" resName="0" quality="4" exp="1200" petLv="13" evoLv="20" evoPetID="702201" satiety="100" petAtk="160" petBullet="XX.png" bulletSpeed="3000" bulletDuration="0.3" skillType="1" skillVaule="340" move="2"/>
	<type_item id="64" typeID="702114" name="小娜" intro="0" icon="0" resName="0" quality="4" exp="1300" petLv="14" evoLv="20" evoPetID="702201" satiety="100" petAtk="165" petBullet="XX.png" bulletSpeed="3000" bulletDuration="0.3" skillType="1" skillVaule="360" move="2"/>
	<type_item id="65" typeID="702115" name="小娜" intro="0" icon="0" resName="0" quality="4" exp="1400" petLv="15" evoLv="20" evoPetID="702201" satiety="100" petAtk="170" petBullet="XX.png" bulletSpeed="3000" bulletDuration="0.3" skillType="1" skillVaule="380" move="2"/>
	<type_item id="66" typeID="702116" name="小娜" intro="0" icon="0" resName="0" quality="4" exp="1500" petLv="16" evoLv="20" evoPetID="702201" satiety="100" petAtk="175" petBullet="XX.png" bulletSpeed="3000" bulletDuration="0.3" skillType="1" skillVaule="400" move="2"/>
	<type_item id="67" typeID="702117" name="小娜" intro="0" icon="0" resName="0" quality="4" exp="1600" petLv="17" evoLv="20" evoPetID="702201" satiety="100" petAtk="180" petBullet="XX.png" bulletSpeed="3000" bulletDuration="0.3" skillType="1" skillVaule="420" move="2"/>
	<type_item id="68" typeID="702118" name="小娜" intro="0" icon="0" resName="0" quality="4" exp="1700" petLv="18" evoLv="20" evoPetID="702201" satiety="100" petAtk="185" petBullet="XX.png" bulletSpeed="3000" bulletDuration="0.3" skillType="1" skillVaule="440" move="2"/>
	<type_item id="69" typeID="702119" name="小娜" intro="0" icon="0" resName="0" quality="4" exp="1800" petLv="19" evoLv="20" evoPetID="702201" satiety="100" petAtk="190" petBullet="XX.png" bulletSpeed="3000" bulletDuration="0.3" skillType="1" skillVaule="460" move="2"/>
	<type_item id="70" typeID="702120" name="小娜" intro="0" icon="0" resName="0" quality="4" exp="2000" petLv="20" evoLv="20" evoPetID="702201" satiety="100" petAtk="195" petBullet="XX.png" bulletSpeed="3000" bulletDuration="0.3" skillType="1" skillVaule="480" move="2"/>
	<type_item id="71" typeID="702201" name="娜娜" intro="0" icon="0" resName="0" quality="4" exp="0" petLv="1" evoLv="0" evoPetID="0" satiety="150" petAtk="150" petBullet="XXX.png" bulletSpeed="3000" bulletDuration="0.3" skillType="1" skillVaule="100" move="2"/>
	<type_item id="72" typeID="702202" name="娜娜" intro="0" icon="0" resName="0" quality="4" exp="100" petLv="2" evoLv="0" evoPetID="0" satiety="150" petAtk="158" petBullet="XXX.png" bulletSpeed="3000" bulletDuration="0.3" skillType="1" skillVaule="130" move="2"/>
	<type_item id="73" typeID="702203" name="娜娜" intro="0" icon="0" resName="0" quality="4" exp="200" petLv="3" evoLv="0" evoPetID="0" satiety="150" petAtk="166" petBullet="XXX.png" bulletSpeed="3000" bulletDuration="0.3" skillType="1" skillVaule="160" move="2"/>
	<type_item id="74" typeID="702204" name="娜娜" intro="0" icon="0" resName="0" quality="4" exp="300" petLv="4" evoLv="0" evoPetID="0" satiety="150" petAtk="174" petBullet="XXX.png" bulletSpeed="3000" bulletDuration="0.3" skillType="1" skillVaule="190" move="2"/>
	<type_item id="75" typeID="702205" name="娜娜" intro="0" icon="0" resName="0" quality="4" exp="400" petLv="5" evoLv="0" evoPetID="0" satiety="150" petAtk="182" petBullet="XXX.png" bulletSpeed="3000" bulletDuration="0.3" skillType="1" skillVaule="220" move="2"/>
	<type_item id="76" typeID="702206" name="娜娜" intro="0" icon="0" resName="0" quality="4" exp="500" petLv="6" evoLv="0" evoPetID="0" satiety="150" petAtk="190" petBullet="XXX.png" bulletSpeed="3000" bulletDuration="0.3" skillType="1" skillVaule="250" move="2"/>
	<type_item id="77" typeID="702207" name="娜娜" intro="0" icon="0" resName="0" quality="4" exp="600" petLv="7" evoLv="0" evoPetID="0" satiety="150" petAtk="198" petBullet="XXX.png" bulletSpeed="3000" bulletDuration="0.3" skillType="1" skillVaule="280" move="2"/>
	<type_item id="78" typeID="702208" name="娜娜" intro="0" icon="0" resName="0" quality="4" exp="700" petLv="8" evoLv="0" evoPetID="0" satiety="150" petAtk="206" petBullet="XXX.png" bulletSpeed="3000" bulletDuration="0.3" skillType="1" skillVaule="310" move="2"/>
	<type_item id="79" typeID="702209" name="娜娜" intro="0" icon="0" resName="0" quality="4" exp="800" petLv="9" evoLv="0" evoPetID="0" satiety="150" petAtk="214" petBullet="XXX.png" bulletSpeed="3000" bulletDuration="0.3" skillType="1" skillVaule="340" move="2"/>
	<type_item id="80" typeID="702210" name="娜娜" intro="0" icon="0" resName="0" quality="4" exp="900" petLv="10" evoLv="0" evoPetID="0" satiety="150" petAtk="222" petBullet="XXX.png" bulletSpeed="3000" bulletDuration="0.3" skillType="1" skillVaule="370" move="2"/>
	<type_item id="81" typeID="702211" name="娜娜" intro="0" icon="0" resName="0" quality="4" exp="1000" petLv="11" evoLv="0" evoPetID="0" satiety="150" petAtk="230" petBullet="XXX.png" bulletSpeed="3000" bulletDuration="0.3" skillType="1" skillVaule="400" move="2"/>
	<type_item id="82" typeID="702212" name="娜娜" intro="0" icon="0" resName="0" quality="4" exp="1100" petLv="12" evoLv="0" evoPetID="0" satiety="150" petAtk="238" petBullet="XXX.png" bulletSpeed="3000" bulletDuration="0.3" skillType="1" skillVaule="430" move="2"/>
	<type_item id="83" typeID="702213" name="娜娜" intro="0" icon="0" resName="0" quality="4" exp="1200" petLv="13" evoLv="0" evoPetID="0" satiety="150" petAtk="246" petBullet="XXX.png" bulletSpeed="3000" bulletDuration="0.3" skillType="1" skillVaule="460" move="2"/>
	<type_item id="84" typeID="702214" name="娜娜" intro="0" icon="0" resName="0" quality="4" exp="1300" petLv="14" evoLv="0" evoPetID="0" satiety="150" petAtk="254" petBullet="XXX.png" bulletSpeed="3000" bulletDuration="0.3" skillType="1" skillVaule="490" move="2"/>
	<type_item id="85" typeID="702215" name="娜娜" intro="0" icon="0" resName="0" quality="4" exp="1400" petLv="15" evoLv="0" evoPetID="0" satiety="150" petAtk="262" petBullet="XXX.png" bulletSpeed="3000" bulletDuration="0.3" skillType="1" skillVaule="520" move="2"/>
	<type_item id="86" typeID="702216" name="娜娜" intro="0" icon="0" resName="0" quality="4" exp="1500" petLv="16" evoLv="0" evoPetID="0" satiety="150" petAtk="270" petBullet="XXX.png" bulletSpeed="3000" bulletDuration="0.3" skillType="1" skillVaule="550" move="2"/>
	<type_item id="87" typeID="702217" name="娜娜" intro="0" icon="0" resName="0" quality="4" exp="1600" petLv="17" evoLv="0" evoPetID="0" satiety="150" petAtk="278" petBullet="XXX.png" bulletSpeed="3000" bulletDuration="0.3" skillType="1" skillVaule="580" move="2"/>
	<type_item id="88" typeID="702218" name="娜娜" intro="0" icon="0" resName="0" quality="4" exp="1700" petLv="18" evoLv="0" evoPetID="0" satiety="150" petAtk="286" petBullet="XXX.png" bulletSpeed="3000" bulletDuration="0.3" skillType="1" skillVaule="610" move="2"/>
	<type_item id="89" typeID="702219" name="娜娜" intro="0" icon="0" resName="0" quality="4" exp="1800" petLv="19" evoLv="0" evoPetID="0" satiety="150" petAtk="294" petBullet="XXX.png" bulletSpeed="3000" bulletDuration="0.3" skillType="1" skillVaule="640" move="2"/>
	<type_item id="90" typeID="702220" name="娜娜" intro="0" icon="0" resName="0" quality="4" exp="1900" petLv="20" evoLv="0" evoPetID="0" satiety="150" petAtk="302" petBullet="XXX.png" bulletSpeed="3000" bulletDuration="0.3" skillType="1" skillVaule="670" move="2"/>
	<type_item id="91" typeID="702221" name="娜娜" intro="0" icon="0" resName="0" quality="4" exp="2000" petLv="21" evoLv="0" evoPetID="0" satiety="150" petAtk="310" petBullet="XXX.png" bulletSpeed="3000" bulletDuration="0.3" skillType="1" skillVaule="700" move="2"/>
	<type_item id="92" typeID="702222" name="娜娜" intro="0" icon="0" resName="0" quality="4" exp="2100" petLv="22" evoLv="0" evoPetID="0" satiety="150" petAtk="318" petBullet="XXX.png" bulletSpeed="3000" bulletDuration="0.3" skillType="1" skillVaule="730" move="2"/>
	<type_item id="93" typeID="702223" name="娜娜" intro="0" icon="0" resName="0" quality="4" exp="2200" petLv="23" evoLv="0" evoPetID="0" satiety="150" petAtk="326" petBullet="XXX.png" bulletSpeed="3000" bulletDuration="0.3" skillType="1" skillVaule="760" move="2"/>
	<type_item id="94" typeID="702224" name="娜娜" intro="0" icon="0" resName="0" quality="4" exp="2300" petLv="24" evoLv="0" evoPetID="0" satiety="150" petAtk="334" petBullet="XXX.png" bulletSpeed="3000" bulletDuration="0.3" skillType="1" skillVaule="790" move="2"/>
	<type_item id="95" typeID="702225" name="娜娜" intro="0" icon="0" resName="0" quality="4" exp="2400" petLv="25" evoLv="0" evoPetID="0" satiety="150" petAtk="342" petBullet="XXX.png" bulletSpeed="3000" bulletDuration="0.3" skillType="1" skillVaule="820" move="2"/>
	<type_item id="96" typeID="702226" name="娜娜" intro="0" icon="0" resName="0" quality="4" exp="2500" petLv="26" evoLv="0" evoPetID="0" satiety="150" petAtk="350" petBullet="XXX.png" bulletSpeed="3000" bulletDuration="0.3" skillType="1" skillVaule="850" move="2"/>
	<type_item id="97" typeID="702227" name="娜娜" intro="0" icon="0" resName="0" quality="4" exp="2600" petLv="27" evoLv="0" evoPetID="0" satiety="150" petAtk="358" petBullet="XXX.png" bulletSpeed="3000" bulletDuration="0.3" skillType="1" skillVaule="880" move="2"/>
	<type_item id="98" typeID="702228" name="娜娜" intro="0" icon="0" resName="0" quality="4" exp="2700" petLv="28" evoLv="0" evoPetID="0" satiety="150" petAtk="366" petBullet="XXX.png" bulletSpeed="3000" bulletDuration="0.3" skillType="1" skillVaule="910" move="2"/>
	<type_item id="99" typeID="702229" name="娜娜" intro="0" icon="0" resName="0" quality="4" exp="2800" petLv="29" evoLv="0" evoPetID="0" satiety="150" petAtk="374" petBullet="XXX.png" bulletSpeed="3000" bulletDuration="0.3" skillType="1" skillVaule="940" move="2"/>
	<type_item id="100" typeID="702230" name="娜娜" intro="0" icon="0" resName="0" quality="4" exp="3000" petLv="30" evoLv="0" evoPetID="0" satiety="150" petAtk="382" petBullet="XXX.png" bulletSpeed="3000" bulletDuration="0.3" skillType="1" skillVaule="970" move="2"/>
	<type_item id="101" typeID="703101" name="小美" intro="0" icon="0" resName="0" quality="4" exp="0" petLv="1" evoLv="20" evoPetID="703201" satiety="100" petAtk="100" petBullet="XX.png" bulletSpeed="3000" bulletDuration="0.3" skillType="1" skillVaule="100" move="2"/>
	<type_item id="102" typeID="703102" name="小美" intro="0" icon="0" resName="0" quality="4" exp="100" petLv="2" evoLv="20" evoPetID="703201" satiety="100" petAtk="105" petBullet="XX.png" bulletSpeed="3000" bulletDuration="0.3" skillType="1" skillVaule="120" move="2"/>
	<type_item id="103" typeID="703103" name="小美" intro="0" icon="0" resName="0" quality="4" exp="200" petLv="3" evoLv="20" evoPetID="703201" satiety="100" petAtk="110" petBullet="XX.png" bulletSpeed="3000" bulletDuration="0.3" skillType="1" skillVaule="140" move="2"/>
	<type_item id="104" typeID="703104" name="小美" intro="0" icon="0" resName="0" quality="4" exp="300" petLv="4" evoLv="20" evoPetID="703201" satiety="100" petAtk="115" petBullet="XX.png" bulletSpeed="3000" bulletDuration="0.3" skillType="1" skillVaule="160" move="2"/>
	<type_item id="105" typeID="703105" name="小美" intro="0" icon="0" resName="0" quality="4" exp="400" petLv="5" evoLv="20" evoPetID="703201" satiety="100" petAtk="120" petBullet="XX.png" bulletSpeed="3000" bulletDuration="0.3" skillType="1" skillVaule="180" move="2"/>
	<type_item id="106" typeID="703106" name="小美" intro="0" icon="0" resName="0" quality="4" exp="500" petLv="6" evoLv="20" evoPetID="703201" satiety="100" petAtk="125" petBullet="XX.png" bulletSpeed="3000" bulletDuration="0.3" skillType="1" skillVaule="200" move="2"/>
	<type_item id="107" typeID="703107" name="小美" intro="0" icon="0" resName="0" quality="4" exp="600" petLv="7" evoLv="20" evoPetID="703201" satiety="100" petAtk="130" petBullet="XX.png" bulletSpeed="3000" bulletDuration="0.3" skillType="1" skillVaule="220" move="2"/>
	<type_item id="108" typeID="703108" name="小美" intro="0" icon="0" resName="0" quality="4" exp="700" petLv="8" evoLv="20" evoPetID="703201" satiety="100" petAtk="135" petBullet="XX.png" bulletSpeed="3000" bulletDuration="0.3" skillType="1" skillVaule="240" move="2"/>
	<type_item id="109" typeID="703109" name="小美" intro="0" icon="0" resName="0" quality="4" exp="800" petLv="9" evoLv="20" evoPetID="703201" satiety="100" petAtk="140" petBullet="XX.png" bulletSpeed="3000" bulletDuration="0.3" skillType="1" skillVaule="260" move="2"/>
	<type_item id="110" typeID="703110" name="小美" intro="0" icon="0" resName="0" quality="4" exp="900" petLv="10" evoLv="20" evoPetID="703201" satiety="100" petAtk="145" petBullet="XX.png" bulletSpeed="3000" bulletDuration="0.3" skillType="1" skillVaule="280" move="2"/>
	<type_item id="111" typeID="703111" name="小美" intro="0" icon="0" resName="0" quality="4" exp="1000" petLv="11" evoLv="20" evoPetID="703201" satiety="100" petAtk="150" petBullet="XX.png" bulletSpeed="3000" bulletDuration="0.3" skillType="1" skillVaule="300" move="2"/>
	<type_item id="112" typeID="703112" name="小美" intro="0" icon="0" resName="0" quality="4" exp="1100" petLv="12" evoLv="20" evoPetID="703201" satiety="100" petAtk="155" petBullet="XX.png" bulletSpeed="3000" bulletDuration="0.3" skillType="1" skillVaule="320" move="2"/>
	<type_item id="113" typeID="703113" name="小美" intro="0" icon="0" resName="0" quality="4" exp="1200" petLv="13" evoLv="20" evoPetID="703201" satiety="100" petAtk="160" petBullet="XX.png" bulletSpeed="3000" bulletDuration="0.3" skillType="1" skillVaule="340" move="2"/>
	<type_item id="114" typeID="703114" name="小美" intro="0" icon="0" resName="0" quality="4" exp="1300" petLv="14" evoLv="20" evoPetID="703201" satiety="100" petAtk="165" petBullet="XX.png" bulletSpeed="3000" bulletDuration="0.3" skillType="1" skillVaule="360" move="2"/>
	<type_item id="115" typeID="703115" name="小美" intro="0" icon="0" resName="0" quality="4" exp="1400" petLv="15" evoLv="20" evoPetID="703201" satiety="100" petAtk="170" petBullet="XX.png" bulletSpeed="3000" bulletDuration="0.3" skillType="1" skillVaule="380" move="2"/>
	<type_item id="116" typeID="703116" name="小美" intro="0" icon="0" resName="0" quality="4" exp="1500" petLv="16" evoLv="20" evoPetID="703201" satiety="100" petAtk="175" petBullet="XX.png" bulletSpeed="3000" bulletDuration="0.3" skillType="1" skillVaule="400" move="2"/>
	<type_item id="117" typeID="703117" name="小美" intro="0" icon="0" resName="0" quality="4" exp="1600" petLv="17" evoLv="20" evoPetID="703201" satiety="100" petAtk="180" petBullet="XX.png" bulletSpeed="3000" bulletDuration="0.3" skillType="1" skillVaule="420" move="2"/>
	<type_item id="118" typeID="703118" name="小美" intro="0" icon="0" resName="0" quality="4" exp="1700" petLv="18" evoLv="20" evoPetID="703201" satiety="100" petAtk="185" petBullet="XX.png" bulletSpeed="3000" bulletDuration="0.3" skillType="1" skillVaule="440" move="2"/>
	<type_item id="119" typeID="703119" name="小美" intro="0" icon="0" resName="0" quality="4" exp="1800" petLv="19" evoLv="20" evoPetID="703201" satiety="100" petAtk="190" petBullet="XX.png" bulletSpeed="3000" bulletDuration="0.3" skillType="1" skillVaule="460" move="2"/>
	<type_item id="120" typeID="703120" name="小美" intro="0" icon="0" resName="0" quality="4" exp="2000" petLv="20" evoLv="20" evoPetID="703201" satiety="100" petAtk="195" petBullet="XX.png" bulletSpeed="3000" bulletDuration="0.3" skillType="1" skillVaule="480" move="2"/>
	<type_item id="121" typeID="703201" name="美美" intro="0" icon="0" resName="0" quality="4" exp="0" petLv="1" evoLv="0" evoPetID="0" satiety="150" petAtk="150" petBullet="XXX.png" bulletSpeed="3000" bulletDuration="0.3" skillType="1" skillVaule="100" move="2"/>
	<type_item id="122" typeID="703202" name="美美" intro="0" icon="0" resName="0" quality="4" exp="100" petLv="2" evoLv="0" evoPetID="0" satiety="150" petAtk="158" petBullet="XXX.png" bulletSpeed="3000" bulletDuration="0.3" skillType="1" skillVaule="130" move="2"/>
	<type_item id="123" typeID="703203" name="美美" intro="0" icon="0" resName="0" quality="4" exp="200" petLv="3" evoLv="0" evoPetID="0" satiety="150" petAtk="166" petBullet="XXX.png" bulletSpeed="3000" bulletDuration="0.3" skillType="1" skillVaule="160" move="2"/>
	<type_item id="124" typeID="703204" name="美美" intro="0" icon="0" resName="0" quality="4" exp="300" petLv="4" evoLv="0" evoPetID="0" satiety="150" petAtk="174" petBullet="XXX.png" bulletSpeed="3000" bulletDuration="0.3" skillType="1" skillVaule="190" move="2"/>
	<type_item id="125" typeID="703205" name="美美" intro="0" icon="0" resName="0" quality="4" exp="400" petLv="5" evoLv="0" evoPetID="0" satiety="150" petAtk="182" petBullet="XXX.png" bulletSpeed="3000" bulletDuration="0.3" skillType="1" skillVaule="220" move="2"/>
	<type_item id="126" typeID="703206" name="美美" intro="0" icon="0" resName="0" quality="4" exp="500" petLv="6" evoLv="0" evoPetID="0" satiety="150" petAtk="190" petBullet="XXX.png" bulletSpeed="3000" bulletDuration="0.3" skillType="1" skillVaule="250" move="2"/>
	<type_item id="127" typeID="703207" name="美美" intro="0" icon="0" resName="0" quality="4" exp="600" petLv="7" evoLv="0" evoPetID="0" satiety="150" petAtk="198" petBullet="XXX.png" bulletSpeed="3000" bulletDuration="0.3" skillType="1" skillVaule="280" move="2"/>
	<type_item id="128" typeID="703208" name="美美" intro="0" icon="0" resName="0" quality="4" exp="700" petLv="8" evoLv="0" evoPetID="0" satiety="150" petAtk="206" petBullet="XXX.png" bulletSpeed="3000" bulletDuration="0.3" skillType="1" skillVaule="310" move="2"/>
	<type_item id="129" typeID="703209" name="美美" intro="0" icon="0" resName="0" quality="4" exp="800" petLv="9" evoLv="0" evoPetID="0" satiety="150" petAtk="214" petBullet="XXX.png" bulletSpeed="3000" bulletDuration="0.3" skillType="1" skillVaule="340" move="2"/>
	<type_item id="130" typeID="703210" name="美美" intro="0" icon="0" resName="0" quality="4" exp="900" petLv="10" evoLv="0" evoPetID="0" satiety="150" petAtk="222" petBullet="XXX.png" bulletSpeed="3000" bulletDuration="0.3" skillType="1" skillVaule="370" move="2"/>
	<type_item id="131" typeID="703211" name="美美" intro="0" icon="0" resName="0" quality="4" exp="1000" petLv="11" evoLv="0" evoPetID="0" satiety="150" petAtk="230" petBullet="XXX.png" bulletSpeed="3000" bulletDuration="0.3" skillType="1" skillVaule="400" move="2"/>
	<type_item id="132" typeID="703212" name="美美" intro="0" icon="0" resName="0" quality="4" exp="1100" petLv="12" evoLv="0" evoPetID="0" satiety="150" petAtk="238" petBullet="XXX.png" bulletSpeed="3000" bulletDuration="0.3" skillType="1" skillVaule="430" move="2"/>
	<type_item id="133" typeID="703213" name="美美" intro="0" icon="0" resName="0" quality="4" exp="1200" petLv="13" evoLv="0" evoPetID="0" satiety="150" petAtk="246" petBullet="XXX.png" bulletSpeed="3000" bulletDuration="0.3" skillType="1" skillVaule="460" move="2"/>
	<type_item id="134" typeID="703214" name="美美" intro="0" icon="0" resName="0" quality="4" exp="1300" petLv="14" evoLv="0" evoPetID="0" satiety="150" petAtk="254" petBullet="XXX.png" bulletSpeed="3000" bulletDuration="0.3" skillType="1" skillVaule="490" move="2"/>
	<type_item id="135" typeID="703215" name="美美" intro="0" icon="0" resName="0" quality="4" exp="1400" petLv="15" evoLv="0" evoPetID="0" satiety="150" petAtk="262" petBullet="XXX.png" bulletSpeed="3000" bulletDuration="0.3" skillType="1" skillVaule="520" move="2"/>
	<type_item id="136" typeID="703216" name="美美" intro="0" icon="0" resName="0" quality="4" exp="1500" petLv="16" evoLv="0" evoPetID="0" satiety="150" petAtk="270" petBullet="XXX.png" bulletSpeed="3000" bulletDuration="0.3" skillType="1" skillVaule="550" move="2"/>
	<type_item id="137" typeID="703217" name="美美" intro="0" icon="0" resName="0" quality="4" exp="1600" petLv="17" evoLv="0" evoPetID="0" satiety="150" petAtk="278" petBullet="XXX.png" bulletSpeed="3000" bulletDuration="0.3" skillType="1" skillVaule="580" move="2"/>
	<type_item id="138" typeID="703218" name="美美" intro="0" icon="0" resName="0" quality="4" exp="1700" petLv="18" evoLv="0" evoPetID="0" satiety="150" petAtk="286" petBullet="XXX.png" bulletSpeed="3000" bulletDuration="0.3" skillType="1" skillVaule="610" move="2"/>
	<type_item id="139" typeID="703219" name="美美" intro="0" icon="0" resName="0" quality="4" exp="1800" petLv="19" evoLv="0" evoPetID="0" satiety="150" petAtk="294" petBullet="XXX.png" bulletSpeed="3000" bulletDuration="0.3" skillType="1" skillVaule="640" move="2"/>
	<type_item id="140" typeID="703220" name="美美" intro="0" icon="0" resName="0" quality="4" exp="1900" petLv="20" evoLv="0" evoPetID="0" satiety="150" petAtk="302" petBullet="XXX.png" bulletSpeed="3000" bulletDuration="0.3" skillType="1" skillVaule="670" move="2"/>
	<type_item id="141" typeID="703221" name="美美" intro="0" icon="0" resName="0" quality="4" exp="2000" petLv="21" evoLv="0" evoPetID="0" satiety="150" petAtk="310" petBullet="XXX.png" bulletSpeed="3000" bulletDuration="0.3" skillType="1" skillVaule="700" move="2"/>
	<type_item id="142" typeID="703222" name="美美" intro="0" icon="0" resName="0" quality="4" exp="2100" petLv="22" evoLv="0" evoPetID="0" satiety="150" petAtk="318" petBullet="XXX.png" bulletSpeed="3000" bulletDuration="0.3" skillType="1" skillVaule="730" move="2"/>
	<type_item id="143" typeID="703223" name="美美" intro="0" icon="0" resName="0" quality="4" exp="2200" petLv="23" evoLv="0" evoPetID="0" satiety="150" petAtk="326" petBullet="XXX.png" bulletSpeed="3000" bulletDuration="0.3" skillType="1" skillVaule="760" move="2"/>
	<type_item id="144" typeID="703224" name="美美" intro="0" icon="0" resName="0" quality="4" exp="2300" petLv="24" evoLv="0" evoPetID="0" satiety="150" petAtk="334" petBullet="XXX.png" bulletSpeed="3000" bulletDuration="0.3" skillType="1" skillVaule="790" move="2"/>
	<type_item id="145" typeID="703225" name="美美" intro="0" icon="0" resName="0" quality="4" exp="2400" petLv="25" evoLv="0" evoPetID="0" satiety="150" petAtk="342" petBullet="XXX.png" bulletSpeed="3000" bulletDuration="0.3" skillType="1" skillVaule="820" move="2"/>
	<type_item id="146" typeID="703226" name="美美" intro="0" icon="0" resName="0" quality="4" exp="2500" petLv="26" evoLv="0" evoPetID="0" satiety="150" petAtk="350" petBullet="XXX.png" bulletSpeed="3000" bulletDuration="0.3" skillType="1" skillVaule="850" move="2"/>
	<type_item id="147" typeID="703227" name="美美" intro="0" icon="0" resName="0" quality="4" exp="2600" petLv="27" evoLv="0" evoPetID="0" satiety="150" petAtk="358" petBullet="XXX.png" bulletSpeed="3000" bulletDuration="0.3" skillType="1" skillVaule="880" move="2"/>
	<type_item id="148" typeID="703228" name="美美" intro="0" icon="0" resName="0" quality="4" exp="2700" petLv="28" evoLv="0" evoPetID="0" satiety="150" petAtk="366" petBullet="XXX.png" bulletSpeed="3000" bulletDuration="0.3" skillType="1" skillVaule="910" move="2"/>
	<type_item id="149" typeID="703229" name="美美" intro="0" icon="0" resName="0" quality="4" exp="2800" petLv="29" evoLv="0" evoPetID="0" satiety="150" petAtk="374" petBullet="XXX.png" bulletSpeed="3000" bulletDuration="0.3" skillType="1" skillVaule="940" move="2"/>
	<type_item id="150" typeID="703230" name="美美" intro="0" icon="0" resName="0" quality="4" exp="3000" petLv="30" evoLv="0" evoPetID="0" satiety="150" petAtk="382" petBullet="XXX.png" bulletSpeed="3000" bulletDuration="0.3" skillType="1" skillVaule="970" move="2"/>
</Config>
